id,first_name,email,gender,ip_address,zip_code,age,height
1,Lewiss,lklagge0@ucoz.com,Male,253.242.181.73,,57,13.3
2,Ade,athaller1@parallels.com,Male,198.157.243.196,,54,9.33
3,Shurlocke,skelby2@yelp.com,Male,163.221.202.247,,58,38.17
4,Gerardo,gpassy3@behance.net,Male,82.153.93.24,,97,42.34
5,Garry,gfrewer4@tripod.com,Male,91.202.19.23,,70,43.79
6,Aurilia,aganter5@bandcamp.com,Female,105.203.93.206,65022 CEDEX 9,47,32.06
7,Hester,hbrockherst6@wp.com,Female,125.150.146.15,,63,17.83
8,Bing,bpedwell7@etsy.com,Male,249.12.39.193,63-140,27,42.88
9,Hillel,hfaulo8@independent.co.uk,Male,37.160.34.216,682027,97,30.04
10,Barnebas,bhalfacre9@mediafire.com,Male,68.135.199.148,,33,29.72
11,Hale,hovilla@usnews.com,Non-binary,5.40.48.71,,80,3.14
12,Brandon,bgonthierb@1und1.de,Male,164.144.236.224,,21,21.85
13,Dael,dchewc@opensource.org,Non-binary,190.29.98.57,668162,84,39.97
14,Fax,fdominguezd@arstechnica.com,Male,91.183.247.71,49901,50,28.53
15,Augy,akneale@mtv.com,Male,104.252.38.230,27-540,32,5.28
16,Johna,jrosenkrantzf@gizmodo.com,Female,69.156.90.41,359025,54,18.35
17,Chrissie,cmcpakeg@hhs.gov,Male,215.46.253.90,,87,4.7
18,Nicholas,nbrockesth@google.co.jp,Bigender,12.255.223.96,,72,36.43
19,Kimmi,kbrittini@wufoo.com,Genderqueer,81.177.169.221,,77,27.11
20,Hermie,hhambrickj@ftc.gov,Male,144.133.134.81,,84,9.24
21,Minetta,mstickleyk@istockphoto.com,Female,89.145.3.83,,48,19.18
22,Oby,obonnetl@feedburner.com,Male,38.218.8.78,,43,17.9
23,Flss,frolstonem@ezinearticles.com,Female,41.117.36.124,,43,32.12
24,Loren,ldraytonn@addtoany.com,Polygender,44.130.88.222,,70,2.71
25,Hedwig,hworsnupo@cbsnews.com,Genderfluid,65.168.244.207,,72,24.12
26,Ban,blarcombep@over-blog.com,Male,119.161.203.53,301477,34,24.36
27,Craggy,cchesshireq@wikispaces.com,Male,221.178.67.155,12140,46,41.88
28,Izaak,isymmsr@squidoo.com,Male,251.52.72.251,,50,25.39
29,Florian,fninniss@ucsd.edu,Male,17.148.102.97,10430,24,20.77
30,Joby,jmechellt@apache.org,Bigender,222.153.10.220,,59,16.46
31,Theobald,tgawthorpeu@spiegel.de,Male,96.35.41.12,,44,42.88
32,Godfrey,gjovicv@altervista.org,Male,157.5.203.101,63475-000,95,30.57
33,Dougy,dkrzysztofiakw@i2i.jp,Male,140.226.122.131,425399,25,41.23
34,Pearline,pgerritzenx@homestead.com,Female,80.175.229.13,,47,33.28
35,Anthia,apeaseey@imageshack.us,Female,88.105.82.71,,44,24.91
36,Chrotoem,cridgesz@columbia.edu,Male,48.110.183.26,,82,39.41
37,Beatriz,bgelletly10@instagram.com,Agender,242.133.70.114,,30,38.51
38,Daisie,dlimprecht11@addtoany.com,Female,228.78.93.155,4417,24,42.73
39,Allegra,afalshaw12@fotki.com,Female,29.229.148.163,58-163,85,33.91
40,Faye,friddoch13@sciencedirect.com,Female,217.191.104.115,,24,39.74
41,Nadine,nvargas14@wisc.edu,Polygender,165.72.17.53,,67,15.62
42,Barbra,bwarrior15@is.gd,Female,68.138.48.169,,48,40.2
43,Faun,fgerrill16@china.com.cn,Female,57.124.18.168,,52,41.62
44,Farrell,flakenton17@dropbox.com,Male,213.244.72.204,69600-000,88,39.88
45,Natalina,nbewshea18@typepad.com,Bigender,86.242.169.206,,42,22.09
46,Constantin,cgrebbin19@weather.com,Male,84.196.173.123,11105,45,41.44
47,Burlie,bjermin1a@myspace.com,Male,95.246.123.162,,31,20.46
48,Gusti,gwormleighton1b@scientificamerican.com,Non-binary,153.179.30.77,,76,22.97
49,Lydie,llodovichi1c@imdb.com,Female,114.248.129.64,4415-739,59,4.04
50,Guilbert,gwoolsey1d@apache.org,Polygender,146.9.8.93,353642,87,6.07
51,Ashleigh,afortune1e@jugem.jp,Female,47.85.46.84,,30,5.3
52,Georgi,ggimenez1f@hostgator.com,Male,65.133.73.11,,19,4.0
53,Silvano,severs1g@bing.com,Male,143.87.44.126,F45,42,43.01
54,Cleavland,cmackill1h@answers.com,Male,75.204.17.99,,30,38.64
55,Ward,wmapowder1i@xing.com,Male,155.154.202.214,,49,6.79
56,Lorette,lpraundlin1j@ycombinator.com,Female,76.214.145.7,C1B,69,33.28
57,Donetta,dmcgriele1k@yahoo.co.jp,Female,60.92.45.22,75976 CEDEX 20,23,30.31
58,Alexei,astiggers1l@amazon.co.uk,Male,133.127.113.120,391 33,61,9.68
59,Cynthy,csher1m@shareasale.com,Female,38.85.57.54,,44,43.81
60,Norby,nmaffiotti1n@alibaba.com,Male,203.185.213.237,M4N,56,16.15
61,Heloise,hshillaber1o@mysql.com,Female,253.176.89.118,,63,35.66
62,Vivyanne,vgazey1p@mashable.com,Female,121.89.213.87,,18,10.04
63,Marcello,mproback1q@pinterest.com,Male,215.245.185.113,,90,43.4
64,Callida,cadanez1r@answers.com,Female,34.23.46.67,75949 CEDEX 19,70,42.41
65,Vincenz,vgirodon1s@europa.eu,Male,90.60.201.134,9321,58,6.08
66,Lizbeth,lelland1t@webmd.com,Female,78.13.178.163,,64,27.54
67,Starlene,svarrow1u@dell.com,Female,233.46.80.238,666 23,33,8.1
68,Brittaney,bgligori1v@marketwatch.com,Female,39.67.96.110,97717 CEDEX 9,57,32.07
69,Moria,msharvill1w@omniture.com,Female,79.247.131.233,,84,10.8
70,Nada,nbrettel1x@nature.com,Female,150.58.110.192,3263,65,42.55
71,Joshuah,jsaltern1y@blogs.com,Male,178.131.62.29,17031,52,19.78
72,Neddie,ngush1z@google.cn,Male,138.138.29.27,,32,21.57
73,Minne,mdeegan20@networkadvertising.org,Female,201.65.212.134,,76,17.95
74,Kellia,klundy21@tinypic.com,Female,192.246.121.207,6007,61,28.89
75,Leanna,lfranzoli22@wufoo.com,Female,248.114.126.10,,54,40.04
76,Bette,bspittal23@sohu.com,Female,145.43.151.177,,98,18.19
77,Tandi,tclemmens24@amazon.de,Female,7.229.29.56,,30,3.72
78,Sherwynd,skamenar25@etsy.com,Male,208.27.195.90,,25,4.77
79,Ivory,iferro26@ebay.co.uk,Female,23.117.31.201,,45,11.69
80,Juanita,jbartels27@angelfire.com,Female,176.41.230.52,59055 CEDEX 1,32,9.84
81,Anselm,amcmurthy28@quantcast.com,Male,202.225.40.243,363604,35,31.89
82,Gwyn,gsindle29@umn.edu,Polygender,54.37.82.229,,60,19.09
83,Dionis,ddoak2a@quantcast.com,Female,229.0.170.156,415 17,79,38.82
84,Jason,jglowacz2b@nba.com,Male,225.173.20.158,2580-306,70,8.17
85,Trisha,tfahy2c@biglobe.ne.jp,Female,215.35.165.72,19970-000,38,18.08
86,Nelle,nspitaro2d@samsung.com,Bigender,72.195.177.148,471 41,84,5.17
87,Ingra,isappson2e@artisteer.com,Male,144.8.236.163,241 91,44,2.91
88,Chicky,cinkpen2f@shareasale.com,Male,118.182.210.45,,91,30.82
89,Cyrill,cgreenstead2g@is.gd,Male,70.122.67.58,2435-225,60,21.24
90,Dionis,djenyns2h@bbb.org,Female,253.152.116.57,06105,75,15.35
91,Burgess,bsage2i@nature.com,Male,242.41.42.230,81140,39,23.51
92,Axe,ajoice2j@wordpress.com,Male,133.226.183.168,88100-000,70,13.05
93,Lida,lsage2k@google.cn,Female,252.92.2.104,J4B,24,33.34
94,Lesly,ldimatteo2l@desdev.cn,Female,102.126.87.1,,74,23.92
95,Margarita,mollin2m@homestead.com,Female,66.200.23.134,999-6861,50,30.43
96,Elsa,esunnucks2n@tiny.cc,Female,61.59.25.106,J6V,78,10.75
97,Boycey,bpaybody2o@netlog.com,Male,131.206.38.16,,79,38.4
98,Loreen,lchristene2p@geocities.com,Female,208.83.45.220,33-181,90,5.02
99,Donielle,ddeclairmont2q@columbia.edu,Female,99.26.125.162,,58,17.71
100,Verge,vrastall2r@behance.net,Male,214.147.137.127,,39,25.85
101,Keene,kcroix2s@nbcnews.com,Polygender,55.216.203.138,,33,28.88
102,Mayer,mhayball2t@scribd.com,Male,65.105.14.159,,58,35.77
103,Davie,dwhittam2u@hhs.gov,Male,210.77.142.242,76121,91,17.04
104,Teodoro,tboatright2v@hc360.com,Male,219.101.250.98,,60,6.3
105,Jeffry,jraddan2w@meetup.com,Male,201.169.146.221,43645,65,33.17
106,Quintina,qstoll2x@hostgator.com,Genderfluid,251.226.81.93,,81,40.03
107,Estelle,epetkens2y@whitehouse.gov,Female,20.85.77.143,77700,94,12.13
108,Rowney,rsurmeir2z@timesonline.co.uk,Male,212.254.143.238,,53,21.05
109,Neddy,nmansell30@flickr.com,Male,218.189.0.4,24000-000,30,21.66
110,Normie,nkeatch31@pinterest.com,Male,193.167.128.161,,70,28.26
111,Hogan,hmckellar32@imgur.com,Male,208.204.87.218,366606,41,42.42
112,Judd,jmichieli33@weibo.com,Male,136.165.72.232,,19,31.67
113,Codie,cwillford34@uol.com.br,Female,80.138.224.12,2140,84,8.89
114,Deeyn,dberrow35@rediff.com,Bigender,104.211.247.234,3364,79,10.48
115,Northrop,nvize36@whitehouse.gov,Male,168.66.244.69,4024,33,36.07
116,Welbie,wdwerryhouse37@google.cn,Male,222.16.23.58,,77,15.3
117,Blanche,bpetican38@ox.ac.uk,Female,52.49.15.33,164200,49,10.0
118,Rahel,rcrump39@timesonline.co.uk,Female,215.124.222.113,,91,23.36
119,Krishnah,kpecey3a@delicious.com,Male,24.11.240.87,769-0105,75,24.42
120,Fernande,flackie3b@merriam-webster.com,Female,57.123.170.94,69685-000,50,20.03
121,Susannah,skinglake3c@webnode.com,Genderfluid,187.40.203.144,1350,92,3.41
122,Jobye,jpaintain3d@go.com,Female,195.208.33.21,,82,23.48
123,Reginald,rgales3e@dell.com,Male,13.167.72.36,630008,57,28.96
124,Granger,gtrownson3f@woothemes.com,Male,58.105.188.128,48761,42,44.39
125,Viva,vportingale3g@newyorker.com,Female,173.9.78.142,,52,23.12
126,Lamont,lpedrazzi3h@xinhuanet.com,Male,142.235.121.145,,56,18.26
127,Adele,achalcraft3i@bluehost.com,Female,134.13.12.118,54-622,29,9.38
128,Tye,tcowen3j@hatena.ne.jp,Male,98.235.24.161,,84,41.46
129,Gardiner,gcornfield3k@marriott.com,Male,185.35.229.148,,25,9.68
130,Caz,cabyss3l@dyndns.org,Male,180.101.188.56,89102 CEDEX,43,10.84
131,Austen,askilbeck3m@home.pl,Male,184.141.17.197,,56,14.16
132,Olva,oparrott3n@wired.com,Female,92.159.108.89,,79,15.96
133,Noe,nlavers3o@abc.net.au,Male,24.242.227.216,,68,28.3
134,Georgeanna,ghearsey3p@domainmarket.com,Female,192.105.87.231,5046,74,23.7
135,Robby,rmintram3q@nydailynews.com,Male,89.131.218.245,4660-059,85,36.07
136,Drusi,dthorpe3r@disqus.com,Female,94.107.208.40,42001,87,14.07
137,Boniface,braymont3s@hud.gov,Male,74.133.4.68,,66,44.42
138,Norene,njohnston3t@nytimes.com,Female,38.194.178.99,,88,19.79
139,Pavel,pdreghorn3u@columbia.edu,Male,37.63.108.77,,97,42.06
140,Ravi,rnetley3v@posterous.com,Male,122.21.53.14,,53,28.62
141,Arleen,aculbard3w@typepad.com,Female,18.159.69.194,,24,18.6
142,Darice,dattril3x@redcross.org,Female,243.73.152.47,,51,18.57
143,Cinda,ckubiczek3y@nasa.gov,Female,16.89.15.164,,87,20.16
144,Carin,cnadin3z@blog.com,Female,92.97.70.187,6204,87,7.55
145,Troy,tfrissell40@mediafire.com,Non-binary,124.142.58.42,2430-482,95,12.87
146,Vanya,vyarwood41@rakuten.co.jp,Male,39.26.100.157,,38,36.41
147,Barnett,bburd42@europa.eu,Male,52.119.218.199,302 70,96,9.6
148,Heindrick,hsineath43@va.gov,Male,176.239.150.48,311-4317,97,41.47
149,Iosep,ispir44@ox.ac.uk,Male,205.50.51.144,9615,61,8.12
150,Felicio,fbushill45@t-online.de,Male,183.43.46.36,94250,52,5.27
151,Padraig,parnal46@java.com,Male,20.104.214.214,123 71,35,25.47
152,Alvie,araffan47@discovery.com,Male,234.244.182.2,4311,34,12.58
153,Sigismond,slill48@house.gov,Male,78.166.42.195,,90,16.93
154,Craig,cfebry49@twitter.com,Male,178.62.123.108,00171,59,25.96
155,Fee,fodreain4a@myspace.com,Male,201.15.135.140,5972,45,20.8
156,Wang,wiorns4b@uol.com.br,Male,54.197.13.97,,97,19.76
157,Curran,cgarratty4c@vimeo.com,Male,151.236.16.151,,59,35.19
158,Rita,rlebond4d@auda.org.au,Female,43.55.139.135,46-100,62,25.62
159,Yuma,yswiffan4e@sfgate.com,Male,193.23.228.130,23120,59,43.75
160,Mirabel,mpardal4f@nifty.com,Female,58.112.228.98,675 51,34,35.18
161,Boony,bblasetti4g@a8.net,Male,188.24.6.219,592 01,87,16.04
162,Quentin,qsalvatore4h@utexas.edu,Male,216.100.82.217,,18,11.93
163,Becky,bzimmer4i@mapy.cz,Female,112.80.130.46,,67,31.36
164,Berton,bbarrowcliff4j@dailymotion.com,Male,213.91.11.112,,57,32.71
165,Roxanne,rtineman4k@skype.com,Female,90.182.141.184,,37,8.71
166,Petr,phoppner4l@blogtalkradio.com,Male,227.220.147.59,,79,43.21
167,Pandora,phovy4m@dedecms.com,Female,170.185.195.9,95320-000,49,32.04
168,Bunni,bsaura4n@accuweather.com,Female,87.153.169.75,,24,41.33
169,Tome,tlowdyane4o@sbwire.com,Male,92.31.253.54,34-432,31,7.92
170,Gwyneth,givan4p@cisco.com,Female,101.187.238.221,,31,43.18
171,Parrnell,psturrock4q@twitter.com,Male,246.211.235.17,,35,18.88
172,Chaim,cseear4r@unblog.fr,Male,254.164.159.153,,84,24.78
173,Alexandros,adalinder4s@fda.gov,Male,26.221.157.58,4720-551,35,21.5
174,Caye,cdinsey4t@salon.com,Female,178.246.178.4,273 05,62,27.79
175,Nadeen,ncoltart4u@wikimedia.org,Female,54.170.255.172,54801,60,37.05
176,Dael,dweatherup4v@pinterest.com,Female,193.61.174.189,751 82,57,5.28
177,Lou,lmckeggie4w@printfriendly.com,Male,95.163.162.210,358 01,92,43.67
178,Tucky,tchastey4x@indiatimes.com,Male,165.73.11.57,,71,32.17
179,Budd,bkearton4y@huffingtonpost.com,Male,119.199.34.166,151427,94,36.34
180,Tammi,tdarmody4z@telegraph.co.uk,Female,9.22.88.238,,29,24.7
181,Ashlin,achidley50@google.com,Male,6.248.217.51,75439 CEDEX 09,42,39.39
182,Mycah,mmcfadyen51@theguardian.com,Polygender,206.41.26.130,51-376,50,35.65
183,Kelila,ksanham52@businessinsider.com,Female,113.2.3.32,,67,15.15
184,Cinda,cartingstall53@nationalgeographic.com,Female,117.101.133.87,,49,3.91
185,Brit,bhargate54@unc.edu,Female,58.208.37.106,26300-000,34,42.31
186,Keefer,khovee55@amazonaws.com,Male,141.168.66.218,,47,40.57
187,Anna-maria,ashore56@dailymotion.com,Female,169.0.97.204,,65,9.56
188,Denni,dcuxson57@vk.com,Bigender,29.174.47.162,,48,34.21
189,Lenard,lyuille58@unblog.fr,Male,238.76.139.65,,34,40.0
190,Lezley,lmaccook59@imdb.com,Male,168.48.80.8,,68,40.5
191,Sharla,sbonallick5a@chron.com,Female,79.220.208.131,,70,43.58
192,Windham,wbethune5b@wp.com,Male,23.201.94.211,,18,22.63
193,Julio,jscotney5c@furl.net,Male,179.135.148.112,,34,34.64
194,Layton,lrowlin5d@baidu.com,Male,47.95.46.219,,78,13.14
195,Cordelie,clethlay5e@blogger.com,Female,229.189.146.145,6435,94,39.26
196,Kerk,kklaes5f@youku.com,Male,55.170.226.138,,61,13.49
197,Malachi,msimpkiss5g@telegraph.co.uk,Male,80.30.234.182,,19,15.02
198,Jacquette,jreijmers5h@slate.com,Female,40.10.249.224,,27,44.39
199,Shandy,sgott5i@cnet.com,Female,78.160.117.155,,85,9.31
200,Artemus,aallsep5j@virginia.edu,Male,215.225.21.19,,36,18.0
201,Blanch,bplaide5k@prweb.com,Female,35.12.235.100,,67,36.18
202,Sherwood,spaty5l@acquirethisname.com,Male,7.225.117.24,43000,79,7.13
203,Innis,inapton5m@hexun.com,Male,49.187.16.108,73129,95,44.23
204,Hanna,hsirmond5n@jimdo.com,Female,218.101.136.250,575 94,46,29.67
205,Alessandro,ajutson5o@weebly.com,Male,205.167.1.42,,79,37.08
206,Welbie,whagland5p@google.de,Male,89.20.124.17,V7Y,53,25.85
207,Edi,eclifton5q@loc.gov,Female,44.218.188.26,45435-000,26,25.69
208,Enrique,estreet5r@cpanel.net,Male,51.190.247.232,250 70,82,9.84
209,Karel,kjermin5s@naver.com,Female,149.175.80.236,,97,10.68
210,Colin,cberthod5t@xrea.com,Male,222.41.185.194,,38,34.9
211,Elayne,edingsdale5u@time.com,Female,54.97.127.41,692 81,33,18.85
212,Mureil,mjessup5v@fastcompany.com,Female,63.78.92.233,,30,8.22
213,Giavani,gemmitt5w@eepurl.com,Male,99.51.253.56,18260-000,97,24.58
214,Korney,kbrotheridge5x@geocities.com,Female,182.225.170.60,,91,23.02
215,Rourke,rokinedy5y@eepurl.com,Male,205.17.17.82,72304 CEDEX,98,29.92
216,Morganne,mcardall5z@arizona.edu,Polygender,120.107.123.25,1814,96,30.68
217,Lois,lmatusovsky60@artisteer.com,Female,26.40.73.13,,89,22.27
218,Dyane,dpetel61@discuz.net,Female,118.160.125.172,26-806,38,16.12
219,Alfonse,asnufflebottom62@sina.com.cn,Male,6.114.120.105,,81,37.86
220,Chick,ccarvil63@wikia.com,Male,220.125.245.238,7005-724,26,31.55
221,Verena,vvigours64@about.me,Female,240.59.115.194,,18,44.29
222,Wandis,wdungate65@eventbrite.com,Female,252.39.42.17,42-152,44,23.17
223,Gleda,gkeller66@ehow.com,Female,48.62.44.190,,34,8.48
224,Alberto,acrichley67@networkadvertising.org,Male,70.6.92.141,,53,20.21
225,Katina,ksimond68@4shared.com,Female,133.252.115.238,63-910,61,20.05
226,Darlleen,dbrameld69@cbslocal.com,Female,70.151.228.131,,73,32.84
227,Abner,agamlyn6a@mashable.com,Male,207.38.199.255,,36,39.48
228,Lorrayne,llewcock6b@facebook.com,Female,132.25.143.20,,92,36.68
229,Patrick,prusted6c@hexun.com,Male,163.49.180.51,3840-065,78,36.94
230,Neile,npidgley6d@ustream.tv,Female,23.254.122.254,,43,31.23
231,Xerxes,xmaplethorp6e@wikia.com,Male,164.214.134.139,,57,6.23
232,Scot,sblankman6f@example.com,Male,45.189.213.75,,70,31.8
233,Celestyna,cbreeze6g@ustream.tv,Female,149.213.135.6,,69,43.44
234,Gayle,golivazzi6h@photobucket.com,Female,233.241.108.49,,65,31.51
235,Clint,cargo6i@fotki.com,Genderfluid,83.161.86.86,,33,36.98
236,Archer,alange6j@ameblo.jp,Male,137.70.57.84,,82,27.88
237,Jilleen,jhanhard6k@toplist.cz,Female,254.159.22.43,64190,42,19.04
238,Lizbeth,lbarritt6l@nature.com,Female,237.81.223.253,47304 CEDEX,42,8.88
239,Devora,dbrandrick6m@yolasite.com,Female,192.135.40.149,,95,3.0
240,Wayne,wisaksen6n@yellowbook.com,Male,191.97.75.13,646100,48,18.51
241,Paola,pbarttrum6o@creativecommons.org,Female,68.86.163.64,,88,4.14
242,Emera,emariolle6p@clickbank.net,Female,96.177.88.10,,23,36.48
243,Rufe,rreape6q@webeden.co.uk,Male,142.131.142.168,11904,68,20.1
244,Karlyn,ksenogles6r@exblog.jp,Female,234.246.188.16,456880,37,34.67
245,Merralee,mbeak6s@omniture.com,Female,91.77.75.34,634069,57,21.93
246,Edin,eblincko6t@mail.ru,Female,33.199.254.220,,41,24.84
247,Marve,mboxen6u@dagondesign.com,Male,190.16.32.97,5110-125,23,21.12
248,Kerwin,kgosforth6v@spotify.com,Male,129.255.136.81,,67,44.28
249,Bartram,bmarner6w@networksolutions.com,Male,189.197.40.53,,44,32.57
250,Eryn,efranzel6x@soundcloud.com,Female,207.251.226.247,6328,88,21.44
251,Sutherlan,sguillond6y@admin.ch,Male,202.22.92.98,,57,40.1
252,Malissia,mchallenor6z@gmpg.org,Female,18.127.49.158,,96,38.57
253,Jeanne,jsamms70@altervista.org,Female,224.131.218.6,01114,81,43.99
254,Flinn,fmidden71@digg.com,Male,49.67.76.254,,34,4.74
255,Filippa,fmccurtin72@virginia.edu,Female,143.98.20.244,60609,49,17.05
256,Xena,xpurdom73@hubpages.com,Female,117.3.153.136,,86,31.62
257,Ruthanne,rmontacute74@mayoclinic.com,Female,74.14.1.211,114 24,27,13.95
258,Lyell,lsullly75@topsy.com,Male,158.29.167.254,6008,71,4.25
259,Fredericka,fharback76@theglobeandmail.com,Genderqueer,69.60.71.179,446533,29,38.76
260,Alessandro,arawcliff77@ihg.com,Male,239.192.145.139,,18,10.61
261,Aldin,aeads78@gmpg.org,Male,221.165.0.169,,60,43.35
262,Reuben,rswyn79@istockphoto.com,Non-binary,213.195.98.58,175419,39,3.77
263,Sheelah,shoonahan7a@jugem.jp,Female,245.104.180.2,412-0048,53,40.52
264,Denyse,dtebbe7b@squidoo.com,Female,109.92.253.229,,46,31.27
265,Katrina,krissom7c@ucla.edu,Female,115.158.105.32,5004,79,10.76
266,Lisbeth,lkollasch7d@ft.com,Female,96.127.31.239,6834,83,16.77
267,Kiersten,kgirkins7e@dmoz.org,Female,94.41.179.127,96110,18,27.12
268,Leonore,lduhamel7f@bluehost.com,Female,241.155.15.52,38800,28,35.85
269,Gussi,gleedes7g@photobucket.com,Female,100.56.251.181,,77,34.57
270,Dacie,dmcglone7h@economist.com,Female,60.227.100.110,,19,28.73
271,Martie,mchoupin7i@com.com,Agender,166.167.79.229,183 77,59,34.61
272,Ingemar,imicka7j@canalblog.com,Male,7.226.36.224,2624,33,26.16
273,Valma,vevanson7k@ihg.com,Female,67.115.138.89,4800-349,30,12.3
274,Brod,bmattson7l@bloglines.com,Male,145.55.221.82,,80,19.89
275,Tricia,tmagill7m@google.it,Female,77.37.30.135,,98,33.48
276,Rutter,rsollner7n@elpais.com,Male,113.57.153.229,MD-4112,25,7.66
277,Cinnamon,crupp7o@salon.com,Female,255.159.106.18,999-0141,26,34.56
278,Glory,gtoal7p@parallels.com,Female,137.181.232.73,4804,61,15.3
279,Wandie,wwhatley7q@google.it,Female,5.0.238.205,60674,95,41.61
280,Bessy,bbantick7r@ibm.com,Female,225.84.41.202,,87,30.75
281,Lonee,llewis7s@omniture.com,Female,179.161.165.164,,67,6.38
282,Alameda,abeany7t@yale.edu,Female,146.177.252.138,96-514,43,23.42
283,Glad,ggwyther7u@patch.com,Female,213.144.20.98,62576,68,28.75
284,Grady,gglossop7v@issuu.com,Male,11.126.237.17,,49,13.63
285,Faber,fdibsdale7w@multiply.com,Male,163.144.94.135,,57,20.15
286,Virgilio,vpotbury7x@alexa.com,Male,121.46.146.149,925-0215,48,14.94
287,Sadella,soddboy7y@creativecommons.org,Female,239.245.154.2,,36,31.8
288,Elane,earsnell7z@xrea.com,Female,82.64.152.26,,49,22.31
289,Gail,gyurin80@unblog.fr,Male,207.38.215.123,393-0001,44,3.35
290,Khalil,kglaves81@hostgator.com,Bigender,186.82.190.89,,25,23.89
291,Heath,hpenkethman82@berkeley.edu,Female,127.31.186.233,,87,9.0
292,Karyn,kmcmurraya83@timesonline.co.uk,Female,32.225.89.8,611 81,55,12.85
293,Sonya,smaynard84@topsy.com,Female,11.171.128.32,,85,41.81
294,Arabella,amigheli85@forbes.com,Female,84.126.158.57,155219,70,19.29
295,Bonnee,bdayment86@soundcloud.com,Female,223.142.148.40,2140-215,90,27.59
296,Boothe,bkubanek87@bravesites.com,Male,9.134.56.240,,67,37.99
297,Margareta,mgear88@pbs.org,Female,153.223.115.93,,40,12.38
298,Lucine,lchrstine89@webeden.co.uk,Female,82.233.224.50,666679,34,12.3
299,Esra,epignon8a@webs.com,Male,187.103.250.132,,74,7.33
300,Gwenora,gockland8b@businesswire.com,Female,134.122.60.234,4334,71,40.12
301,Ileana,icavill8c@chicagotribune.com,Non-binary,196.80.111.18,84600-000,69,11.03
302,Alessandra,anind8d@e-recht24.de,Female,15.100.38.80,8037,50,6.67
303,Mimi,mdorking8e@php.net,Female,166.142.47.240,58255-000,93,4.95
304,Farlee,fcoughlin8f@networkadvertising.org,Male,73.39.249.155,,39,30.4
305,Roarke,rballach8g@tripadvisor.com,Male,213.139.80.211,14640-000,87,40.69
306,Ikey,itopaz8h@forbes.com,Male,238.65.186.235,,79,7.21
307,Sandro,scopins8i@blinklist.com,Non-binary,8.120.165.160,,84,7.2
308,Lukas,lsunshine8j@about.com,Male,170.177.192.18,,25,16.96
309,Erica,eyetton8k@ed.gov,Female,208.132.255.240,9494,64,9.87
310,Tristan,triep8l@prweb.com,Non-binary,83.202.89.172,13937 CEDEX 20,64,30.75
311,Izaak,icurrm8m@topsy.com,Male,242.67.158.102,136 44,97,29.81
312,Shelba,swhatson8n@ebay.com,Female,41.139.2.55,215723,49,24.02
313,Saba,srolland8o@ed.gov,Female,31.173.202.183,,47,24.46
314,Therine,twhisby8p@epa.gov,Female,103.245.134.6,32127,83,28.48
315,Mallory,mclover8q@oaic.gov.au,Female,51.134.230.24,2860-343,23,8.9
316,Ardella,agosnell8r@bigcartel.com,Female,204.103.70.166,,45,5.43
317,Zsa zsa,zsweeting8s@smh.com.au,Female,39.239.67.91,20005,18,34.98
318,Fania,fharden8t@jimdo.com,Female,51.232.116.154,605 93,91,8.61
319,Gabriello,gjacobovitch8u@symantec.com,Male,241.245.245.212,,45,24.72
320,Wilt,wreiglar8v@blinklist.com,Male,15.73.183.184,2425-724,70,17.72
321,Francklyn,folivazzi8w@live.com,Male,26.16.178.91,,72,5.79
322,Garold,gbraunston8x@amazon.co.jp,Bigender,173.108.63.37,,18,3.76
323,Dukie,dvinecombe8y@woothemes.com,Male,52.25.144.58,057858,27,40.92
324,Abbi,adilland8z@irs.gov,Female,50.180.128.48,,44,13.34
325,Lonny,lslinger90@godaddy.com,Male,184.138.6.225,4990-650,93,25.13
326,Chery,clowdyane91@techcrunch.com,Polygender,23.87.216.169,,80,14.65
327,Marti,mbedin92@slate.com,Female,104.25.132.91,71000,96,20.95
328,Bab,bledrane93@elpais.com,Female,204.189.59.40,92139 CEDEX,44,41.03
329,Marshal,macomb94@tmall.com,Male,123.104.149.182,,81,34.94
330,Free,fwhacket95@si.edu,Male,218.205.136.30,1430,43,2.3
331,Bone,bbecks96@taobao.com,Male,195.44.188.198,96960,73,2.68
332,Margie,mblood97@vimeo.com,Female,24.137.85.164,,83,6.46
333,Merell,meykelbosch98@mapquest.com,Male,65.4.111.117,,89,11.39
334,Hedi,hluce99@sfgate.com,Female,93.62.24.122,,87,37.7
335,Sheila,sjovis9a@bbb.org,Female,86.89.181.109,,30,42.67
336,Christos,cwhylie9b@dropbox.com,Male,225.48.38.85,,99,4.06
337,Ashlie,abeet9c@go.com,Female,7.56.85.27,,60,20.49
338,Westbrooke,wgorges9d@eventbrite.com,Male,171.52.45.159,,54,28.96
339,Turner,tniblo9e@tumblr.com,Male,34.58.180.193,,23,6.12
340,Reamonn,rwoodbridge9f@comsenz.com,Male,185.129.37.160,,84,9.83
341,Killy,krasper9g@blogger.com,Genderqueer,225.49.22.207,418049,30,43.61
342,Fin,fgraftonherbert9h@webeden.co.uk,Male,168.227.136.48,4820-560,67,35.19
343,Edouard,ebehling9i@4shared.com,Male,3.158.228.223,732048,51,43.13
344,Vida,vscoggan9j@privacy.gov.au,Female,29.137.13.10,,73,6.69
345,Florette,fesposi9k@zdnet.com,Female,81.155.110.121,,33,6.43
346,Vina,vdouthwaite9l@ftc.gov,Female,240.120.96.99,,87,2.37
347,Ode,ooattes9m@cbslocal.com,Male,52.102.64.50,,85,25.2
348,Malynda,mbjorkan9n@macromedia.com,Female,229.197.3.209,,74,29.91
349,Karlee,krisbridge9o@mac.com,Female,45.176.249.139,259-1220,40,44.45
350,Bunni,bkener9p@howstuffworks.com,Genderfluid,184.225.226.185,45220,22,27.46
351,Esther,ewalaron9q@baidu.com,Female,80.205.50.54,MD-6227,78,36.5
352,Zack,zgeorgiev9r@sphinn.com,Male,40.49.9.19,374-0079,19,29.17
353,Delmore,dgurge9s@shop-pro.jp,Bigender,244.86.238.94,456505,30,7.66
354,Elayne,ecayley9t@freewebs.com,Female,174.148.131.235,,44,30.31
355,Bernete,bconeron9u@buzzfeed.com,Genderfluid,134.194.74.126,,54,40.58
356,Vera,vdelaney9v@digg.com,Female,191.171.96.54,,97,29.28
357,Adriaens,afist9w@cisco.com,Female,145.6.164.43,19300-000,53,12.11
358,Leeanne,ltedstone9x@epa.gov,Female,37.151.236.147,62-002,69,15.11
359,Stephani,schadwen9y@fc2.com,Genderfluid,196.73.221.16,,88,30.53
360,Anthe,amcgavin9z@ca.gov,Female,253.113.65.48,5507,60,10.7
361,Sarene,sprentya0@phpbb.com,Female,131.68.41.121,,79,15.96
362,Krystal,kusshera1@independent.co.uk,Female,109.21.54.28,,74,4.03
363,Nevin,nyearnsa2@opensource.org,Male,146.112.218.52,1174,19,13.9
364,Wilmette,wfanthama3@usatoday.com,Female,193.210.32.220,606085,76,22.33
365,Florie,fwhitforda4@java.com,Female,156.15.48.58,2418,94,7.67
366,Ediva,ecockerhama5@google.com,Female,86.240.232.61,62-240,88,19.1
367,Coleen,cavrahama6@privacy.gov.au,Female,177.118.3.42,,43,27.64
368,Maxi,msharmana7@microsoft.com,Female,254.255.163.199,,76,15.9
369,Delmer,dcluderaya8@joomla.org,Male,8.234.152.23,,78,19.33
370,Tersina,tdelislea9@webs.com,Female,230.235.22.84,142633,53,33.11
371,Lorilyn,ldearyaa@wikia.com,Female,84.92.14.1,,78,29.5
372,Georgy,gevelingab@microsoft.com,Male,47.33.131.126,,76,4.62
373,Delcine,dpalayac@howstuffworks.com,Female,133.173.110.52,162250,98,27.57
374,Vaughn,vhabblead@ehow.com,Male,141.170.32.160,,85,10.04
375,Pippa,pgiraudeauae@bigcartel.com,Female,187.148.88.114,,40,28.34
376,Libbey,lrabbattsaf@cornell.edu,Female,92.233.131.189,L-9184,34,28.58
377,Merrick,mkipplingag@squidoo.com,Male,172.18.114.132,1812,73,39.59
378,Cymbre,ckembleah@lulu.com,Genderqueer,254.178.17.207,,93,38.03
379,Pamelina,pcorneilai@state.tx.us,Female,251.121.219.86,49804 CEDEX,37,37.3
380,Carr,ckubacekaj@dedecms.com,Male,152.114.161.8,14150,83,21.78
381,Jeanette,jmatschkeak@furl.net,Female,74.194.208.213,58-371,40,5.66
382,Torrance,tlynettal@baidu.com,Male,44.171.240.140,96800-000,60,9.93
383,Kendal,krameletam@state.tx.us,Male,134.246.27.166,2705-085,38,27.85
384,Abel,agiraudeauan@forbes.com,Male,239.147.158.216,806 36,23,4.32
385,Lorens,lweldenao@msu.edu,Male,116.3.195.45,,71,33.85
386,Sayers,seunsonap@mac.com,Male,43.212.168.165,34-145,32,36.34
387,Ches,cogglebieaq@ted.com,Male,221.110.181.72,,49,36.78
388,Gert,gbenoitonar@mit.edu,Female,195.28.64.158,,45,3.76
389,Nance,ndouberdayas@nbcnews.com,Female,7.136.51.75,,67,16.01
390,Gabriel,gmahmoodat@vk.com,Male,162.34.155.51,,80,11.14
391,Adiana,apitcockau@reddit.com,Female,206.5.202.207,N2A,88,7.24
392,Jackelyn,jarnizav@free.fr,Agender,54.27.241.137,,61,9.97
393,Lizzie,ladnetaw@joomla.org,Female,79.232.192.241,78995-000,82,20.02
394,Bradan,bcommuzzoax@wikia.com,Male,141.38.162.161,,91,33.86
395,Gusella,gsheratonay@yale.edu,Female,65.166.220.140,44310,66,30.99
396,Doe,drounsefellaz@seattletimes.com,Female,3.237.128.20,3140-480,71,2.92
397,Kaspar,koilierb0@blinklist.com,Male,199.1.177.243,98670-000,57,7.3
398,Clarance,ctoogoodb1@issuu.com,Male,242.155.29.150,,98,6.91
399,Olly,orubkeb2@spiegel.de,Male,85.176.103.21,,83,34.18
400,Deerdre,dkernermannb3@tripadvisor.com,Female,191.51.215.88,6401,73,17.49
401,Kermit,kklaessenb4@alibaba.com,Male,71.91.42.202,39930,71,32.33
402,Dulcinea,dmcnivenb5@meetup.com,Female,253.192.179.242,4850-194,92,42.29
403,Fayth,fraffonb6@zimbio.com,Female,118.137.132.119,44300-000,36,15.85
404,Ikey,idepaolib7@senate.gov,Male,230.117.149.76,61890-000,88,39.53
405,Mavis,mcurtisb8@wix.com,Female,69.220.60.193,58110,84,20.97
406,Lewes,lfridb9@microsoft.com,Male,237.193.190.151,,52,18.05
407,Emily,ethoumasba@mlb.com,Female,170.139.209.93,,59,37.46
408,Kariotta,kcamoisbb@jalbum.net,Female,199.181.130.152,88130-000,79,30.79
409,Sianna,sebbsbc@digg.com,Female,90.79.227.13,,50,6.37
410,Ondrea,osichbd@boston.com,Female,199.166.184.123,184653,35,42.93
411,Dani,dfreanbe@freewebs.com,Female,197.132.227.68,4935-804,99,33.94
412,Cross,chowebf@foxnews.com,Male,34.220.96.212,,69,9.51
413,Elwood,ebegleybg@soundcloud.com,Male,23.169.61.210,303370,95,40.41
414,Reagan,rcharpinbh@myspace.com,Male,126.49.158.1,285-0927,76,30.87
415,Gussi,gfawlobi@xinhuanet.com,Female,178.133.23.3,,64,19.81
416,Belia,blaurantbj@state.gov,Female,228.185.44.235,,77,40.12
417,Rolando,rbowenbk@weibo.com,Male,221.37.72.110,891-0704,87,24.35
418,Cristiano,cgouninbl@yale.edu,Male,20.129.89.67,16301,97,23.25
419,Merrie,mhinschebm@engadget.com,Female,52.164.62.133,4221,92,2.33
420,Pearline,pchastangbn@jiathis.com,Female,20.148.193.202,,96,31.31
421,Mauricio,mifillbo@alibaba.com,Male,44.89.0.190,5043,63,41.42
422,Maxy,mbawmebp@yolasite.com,Male,207.248.231.8,,86,22.48
423,Reidar,rbrikbq@canalblog.com,Male,214.30.22.44,,83,38.55
424,Peta,pcovetbr@mozilla.org,Female,115.143.141.201,,80,40.58
425,Abbe,alycettbs@google.es,Male,69.145.96.95,B12,65,25.56
426,Silvan,sskinbt@facebook.com,Male,43.199.124.252,,39,35.36
427,Niels,nstockneybu@businessinsider.com,Male,169.111.213.6,,50,15.57
428,Maddie,mfulmenbv@usgs.gov,Male,240.53.130.181,67504 CEDEX,88,37.01
429,Silvan,sclaydenbw@twitter.com,Male,97.151.232.243,,18,16.55
430,Dara,dashurstbx@booking.com,Agender,168.24.237.74,,55,36.98
431,Dede,dbehningby@a8.net,Female,26.127.170.144,49023 CEDEX 02,60,4.06
432,Nadine,nidebz@163.com,Female,92.140.254.237,411 12,66,40.86
433,Alyosha,aradmerc0@timesonline.co.uk,Male,128.227.46.76,,71,37.25
434,Flora,fbaggallayc1@sbwire.com,Female,182.131.180.181,288 02,32,13.21
435,Emily,emcgillivrayc2@google.com.au,Female,1.210.194.20,4005,72,33.83
436,Benni,bschoenrockc3@hud.gov,Female,184.152.149.112,06-406,31,28.43
437,Marcelo,mcisnerosc4@apache.org,Male,32.31.157.22,,20,16.82
438,Cary,copenshawc5@hp.com,Female,174.176.234.236,,70,13.31
439,Reeta,rsharnockc6@sitemeter.com,Female,29.34.96.208,152047,35,12.47
440,Krispin,kfrancec7@irs.gov,Male,140.83.0.71,,51,33.16
441,Kendrick,kstoresc8@fema.gov,Male,108.38.179.105,,40,13.38
442,Ignatius,iblackwayc9@flickr.com,Male,183.172.177.194,,65,40.06
443,Early,epeakca@parallels.com,Male,117.37.179.128,93-154,27,16.98
444,Deny,dcristolcb@dell.com,Female,255.154.218.120,,34,39.21
445,Rachelle,rsymscc@buzzfeed.com,Female,137.30.214.191,663140,23,39.31
446,Chrotoem,cgettycd@mozilla.org,Male,210.130.30.191,32-652,52,4.57
447,Lelia,lreedyhoughce@slideshare.net,Female,180.53.134.97,,78,33.62
448,Dory,djordencf@storify.com,Female,53.35.150.79,,83,44.39
449,Erma,erougecg@army.mil,Female,124.108.187.64,,91,37.5
450,Roselin,rkleinfeldch@examiner.com,Female,239.128.7.98,77075,91,18.18
451,Demetre,dlufkinci@gnu.org,Non-binary,236.217.31.10,,54,27.7
452,Andrus,afintophcj@tuttocitta.it,Male,182.238.99.92,,59,38.63
453,Mickie,mulrikck@accuweather.com,Non-binary,252.98.184.90,50000,59,34.89
454,Livvyy,lhaberjamcl@rakuten.co.jp,Female,61.60.28.136,,71,29.12
455,Willis,wbrendishcm@webs.com,Genderqueer,151.21.130.233,,48,13.09
456,Isiahi,iriggertcn@dedecms.com,Male,15.29.118.169,,96,35.39
457,Chrissy,crollingsco@theguardian.com,Male,190.53.191.78,,37,31.72
458,Rhona,rshakspearecp@ft.com,Female,70.105.79.64,7750-321,75,25.28
459,Lisa,lrosencwaigcq@archive.org,Female,12.3.242.189,,23,34.76
460,Rutledge,rewdalecr@go.com,Male,100.34.116.173,7571,41,18.97
461,Nicholas,nsteffanscs@livejournal.com,Male,243.188.107.134,,92,12.02
462,Sidoney,sgaitskillct@loc.gov,Female,190.248.91.52,,61,17.59
463,Bonita,bpovlsencu@google.ru,Female,58.43.198.1,,71,6.43
464,Arney,adenisyevcv@a8.net,Male,130.71.103.182,13800,23,25.45
465,Chrysler,cculchethcw@addtoany.com,Female,140.149.75.42,,68,19.56
466,Ximenez,xsilmancx@list-manage.com,Male,1.236.143.91,,49,20.57
467,Renelle,radamoucy@wikispaces.com,Female,249.196.140.185,,25,6.97
468,Sollie,sdewfallcz@youku.com,Male,145.151.138.183,,78,42.08
469,Minetta,mmorded0@mail.ru,Female,165.109.42.113,841-0205,91,29.28
470,Arvin,aohanlond1@archive.org,Male,169.207.166.229,,76,23.35
471,Dannye,dyarralld2@tuttocitta.it,Female,46.222.166.6,,51,8.27
472,Ax,aburburoughd3@skyrock.com,Male,217.99.149.142,6172,51,19.53
473,Elwood,edykasd4@guardian.co.uk,Male,2.185.253.62,,69,22.59
474,Nestor,ngunbyd5@printfriendly.com,Male,144.49.151.63,72404 CEDEX,81,6.69
475,Andros,astrakerd6@baidu.com,Male,26.82.251.85,,33,3.73
476,Ferdinande,fgrogand7@rediff.com,Female,63.15.156.47,7103,27,6.06
477,Butch,bmcboyled8@businesswire.com,Male,229.181.89.170,141707,64,42.8
478,Egan,egrixd9@opera.com,Male,61.81.49.84,174335,31,12.88
479,Farley,fclaydenda@etsy.com,Genderfluid,154.95.153.63,,65,33.95
480,Jojo,jstopparddb@dell.com,Female,62.24.143.43,,86,32.87
481,Baxie,bwonterdc@bigcartel.com,Male,83.210.102.178,,59,5.23
482,Weber,wdunseathdd@youku.com,Male,86.190.45.221,,44,14.88
483,Raoul,rmowsdellde@bing.com,Male,1.165.243.92,,39,8.04
484,Daphna,dhaberfielddf@xinhuanet.com,Female,80.25.237.106,,58,27.9
485,Tull,tvindendg@irs.gov,Male,43.152.104.130,93350,35,17.52
486,Kenny,kmalamdh@wufoo.com,Male,81.200.198.130,36190,59,16.73
487,Dov,dlambaldi@myspace.com,Male,14.99.193.77,364 01,29,16.21
488,Charlton,cfawlksdj@1688.com,Male,46.242.83.97,2010,53,39.19
489,Shane,swoodroughdk@shareasale.com,Female,255.230.210.64,,86,43.86
490,Ange,acrewedl@networkadvertising.org,Female,31.234.39.169,,40,39.48
491,Issi,imorandm@usnews.com,Female,81.106.104.15,,65,31.23
492,Lelia,ldraperdn@qq.com,Polygender,78.140.125.81,,19,29.43
493,Jacklin,jmaudlendo@homestead.com,Female,62.60.24.79,,59,34.15
494,Baxy,bhidderleydp@mit.edu,Male,123.221.202.95,36121,48,6.6
495,Chester,comaradq@merriam-webster.com,Male,128.48.159.130,,98,13.06
496,Lyman,lgauthorppdr@netscape.com,Male,129.108.220.3,,74,10.88
497,Briggs,bmaplesdends@netscape.com,Male,135.166.212.49,,63,23.07
498,Kalvin,kbreagandt@wired.com,Male,80.206.189.252,,73,34.27
499,Shem,sscreasdu@paginegialle.it,Male,103.194.179.117,624642,69,16.61
500,Giustina,gworksdv@pinterest.com,Female,173.230.89.175,66105,37,11.59
501,Nealon,nrobertzdw@amazon.com,Male,167.177.62.197,,84,26.65
502,Marchall,mchalfontdx@icq.com,Male,236.29.108.170,72140,96,20.24
503,Colline,crosengartdy@huffingtonpost.com,Female,212.116.91.153,4960-468,93,27.81
504,Adamo,adavleydz@woothemes.com,Male,163.59.84.168,,43,16.44
505,Welch,wadolphinee0@clickbank.net,Male,111.79.75.100,99089,57,34.02
506,Nerti,ngoodbannee1@newsvine.com,Female,54.1.68.127,665321,98,43.17
507,Alasteir,arufflere2@google.com,Male,59.110.45.232,,80,44.29
508,Gillie,gboggese3@360.cn,Female,143.149.54.181,,26,12.28
509,Rhona,rpennycuicke4@apple.com,Female,101.30.215.212,,80,22.18
510,Theodor,tavramowe5@google.co.uk,Male,185.185.179.11,351 06,60,36.95
511,Clive,clucioe6@cbc.ca,Male,119.86.11.115,,58,35.53
512,Kayla,ktwitchingse7@hao123.com,Genderqueer,5.112.242.174,95098,86,5.97
513,Tori,tgoodrame8@princeton.edu,Female,127.10.114.198,,99,33.41
514,Georgi,gdefaue9@goo.ne.jp,Male,34.4.224.205,,61,18.45
515,Salmon,srintoulea@merriam-webster.com,Agender,191.123.2.15,,51,35.01
516,Mort,mruddockeb@de.vu,Male,224.61.1.233,,25,11.71
517,Dill,dboggesec@dailymail.co.uk,Male,62.48.225.74,,58,44.08
518,Claribel,ccereceresed@aol.com,Female,32.103.61.207,42130,77,4.05
519,Kleon,kfreckinghamee@alibaba.com,Male,7.176.37.42,2758,42,39.75
520,Tina,tseathwrightef@bloglines.com,Female,119.16.61.211,,63,10.88
521,Faun,fwixeg@bing.com,Female,72.112.56.196,,95,32.52
522,Wilbert,wentwistleeh@dyndns.org,Male,215.253.129.208,95185-000,91,15.82
523,Corbie,cmillhouseei@sakura.ne.jp,Male,208.66.224.77,83174 CEDEX,98,13.57
524,Honey,hneeshamej@mapy.cz,Female,185.201.208.73,4640,18,41.8
525,Trever,tdoncasterek@blog.com,Male,28.57.167.8,8924,59,4.88
526,Creight,ckitchersideel@imdb.com,Male,235.19.74.10,673-1236,91,20.18
527,Sandor,sbillingslyem@google.es,Male,4.81.143.68,H12,91,34.84
528,Norbert,nbasezzien@ow.ly,Male,118.92.19.171,,69,36.67
529,Karia,kpeealesseo@mediafire.com,Female,74.252.87.223,,47,2.1
530,Karilynn,ksircombeep@free.fr,Female,158.176.93.17,503 51,64,35.45
531,Aida,acarwardineeq@gov.uk,Female,176.72.71.37,,29,5.82
532,Inness,ilinsleyer@loc.gov,Male,39.32.6.81,10607,67,19.33
533,Klaus,kanthonieses@prlog.org,Male,142.57.109.90,,63,9.14
534,Vincenz,vatleyet@odnoklassniki.ru,Male,186.157.187.190,,60,31.04
535,Gladys,glampkeeu@technorati.com,Female,233.175.220.205,67928 CEDEX 9,71,31.08
536,Ferne,fmennellev@ucsd.edu,Female,14.90.69.231,69814 CEDEX,75,25.44
537,Eleonore,esteadew@cocolog-nifty.com,Female,149.226.47.160,,26,42.59
538,Boy,brosinex@mac.com,Male,89.10.240.192,,94,3.38
539,Raddie,ralessandoneey@stumbleupon.com,Male,35.27.18.140,06-210,23,41.69
540,Elyn,eriddellez@creativecommons.org,Female,221.153.228.84,,75,31.59
541,Sileas,svandecastelef0@cmu.edu,Female,220.252.174.206,,24,12.56
542,Greer,gsauvanf1@howstuffworks.com,Female,32.127.26.236,83727,43,6.23
543,Morlee,mbrooksbyf2@cocolog-nifty.com,Male,49.78.44.95,,50,32.31
544,Hulda,hgilhouleyf3@state.gov,Female,3.77.103.114,,67,24.11
545,Gilli,greddickf4@vkontakte.ru,Female,205.217.224.164,3630-014,67,6.78
546,Felike,ftaylof5@networkadvertising.org,Male,170.132.152.47,,22,21.04
547,Kathye,kprosekf6@uiuc.edu,Female,200.199.255.255,94604 CEDEX,81,25.98
548,Abba,aheberf7@cmu.edu,Male,184.245.114.145,,20,3.79
549,Clem,cdacheyf8@yellowbook.com,Female,230.123.9.175,,79,36.08
550,Batholomew,bsearlf9@hatena.ne.jp,Male,127.154.56.93,,79,37.33
551,Udall,uphippinfa@ted.com,Male,183.129.105.224,,73,19.82
552,Maurizio,mragbournfb@hud.gov,Male,207.221.6.18,,37,28.75
553,Inna,icornilsfc@sun.com,Agender,105.236.50.151,3361,58,22.34
554,Jemmie,jbignoldfd@boston.com,Female,45.222.232.95,,90,27.14
555,Randal,rtaigfe@blogtalkradio.com,Male,20.37.148.186,8305,93,42.38
556,Hewitt,hpoggff@uiuc.edu,Male,112.22.163.103,811-3522,28,25.26
557,Tiff,tcrosherfg@acquirethisname.com,Female,135.93.136.109,,89,40.8
558,Tulley,tsheefh@sourceforge.net,Male,217.152.68.232,,20,36.46
559,Laurent,lwoollerfi@webnode.com,Male,15.177.16.227,5911,94,25.74
560,Wood,wgoldthorpefj@t.co,Male,239.189.163.32,,79,11.55
561,Clerissa,crodenhurstfk@technorati.com,Female,118.173.211.103,65110,24,22.23
562,Reinaldo,rshinfieldfl@behance.net,Male,198.111.200.230,,46,23.51
563,Reg,rheadlyfm@php.net,Male,36.72.44.189,,46,43.0
564,Merv,mmcilwreathfn@google.it,Male,176.11.248.234,5667,79,26.58
565,Dagny,dtynnanfo@pagesperso-orange.fr,Male,150.86.181.207,4960-110,68,35.42
566,Yves,ymandifieldfp@unesco.org,Male,31.97.160.142,25830,87,19.19
567,Cymbre,csandesfq@foxnews.com,Female,20.206.251.29,85705,87,27.67
568,Maxi,mtrightonfr@europa.eu,Female,78.220.164.30,,23,31.59
569,Carlos,csandilandsfs@mozilla.org,Male,47.18.75.143,38-473,88,13.39
570,Walker,wyerbyft@sphinn.com,Male,250.95.108.51,,53,6.5
571,Alair,aholsteinfu@wufoo.com,Bigender,52.99.82.145,92132,69,30.13
572,Boyce,bsavilfv@businessinsider.com,Male,44.199.64.124,72215,95,36.67
573,Mamie,mbissetfw@mac.com,Female,5.15.27.255,0188,86,42.77
574,Fina,fcasellifx@hp.com,Agender,171.59.108.114,47893,47,12.44
575,Dania,dmccafferkyfy@behance.net,Agender,171.180.165.61,,53,25.75
576,Tiler,tcordsfz@hao123.com,Male,5.148.209.42,342 80,53,39.51
577,Alisa,ageharkeg0@amazon.com,Female,54.183.230.165,,98,5.87
578,Jakob,jbrookshawg1@simplemachines.org,Male,27.187.171.140,,95,36.9
579,Dorthea,dbrowseg2@creativecommons.org,Genderqueer,149.21.50.121,3526,29,34.13
580,Branden,bellarg3@baidu.com,Male,255.124.222.48,,47,40.17
581,Kristyn,kbrockmang4@ezinearticles.com,Female,220.54.163.188,302 70,18,35.35
582,Natassia,ngaultg5@nba.com,Female,134.99.238.13,2701,74,20.91
583,Huntley,hplesterg6@pagesperso-orange.fr,Male,8.11.94.186,4745-235,97,17.95
584,Balduin,bproverg7@jalbum.net,Male,194.160.130.180,,80,14.15
585,Joey,jyurovg8@yahoo.co.jp,Female,157.103.198.15,6165,49,10.94
586,Ermin,ejudeng9@umn.edu,Male,222.110.48.110,78703,54,43.59
587,Deeanne,daseega@fc2.com,Female,77.28.38.89,,19,3.35
588,Had,hliddongb@fc2.com,Male,87.164.111.213,50393,20,12.2
589,Birdie,bfalconergc@prlog.org,Genderqueer,163.145.213.165,,85,10.19
590,Venita,vperronegd@umich.edu,Female,28.212.230.22,4910-597,33,44.34
591,Colin,cyurkevichge@elpais.com,Male,159.15.149.193,,69,44.06
592,Karena,kbrightwellgf@ow.ly,Female,51.160.96.132,,60,21.34
593,Alfi,abedminstergg@globo.com,Female,24.146.6.158,,78,14.32
594,Faustine,fsinnockgh@yandex.ru,Female,244.2.170.93,,44,14.59
595,Atalanta,amckeatinggi@patch.com,Bigender,9.179.0.129,,92,5.41
596,Amalle,aderoosgj@joomla.org,Female,62.96.141.12,,61,16.19
597,Georgina,ghaydngk@last.fm,Polygender,24.52.146.184,,77,26.37
598,Guinevere,gvanderhooggl@hostgator.com,Polygender,47.43.59.248,94150,74,44.99
599,Alis,abrecknellgm@seattletimes.com,Female,205.87.168.227,20630,97,17.37
600,Roz,rsimekgn@independent.co.uk,Female,227.103.29.17,P3L,23,24.36
601,Neill,nelderedgo@smh.com.au,Male,226.15.233.179,,93,13.9
602,Joann,jbazeleygp@tuttocitta.it,Female,38.25.146.199,8893,38,10.48
603,Rebekkah,rluddygq@opensource.org,Female,74.215.250.11,3119,45,36.13
604,Kara-lynn,kdeblasegr@foxnews.com,Female,13.230.198.54,7300,64,3.13
605,Si,sguilletongs@digg.com,Male,166.89.82.84,62-314,59,29.72
606,Chickie,chellicargt@wufoo.com,Male,111.129.162.176,11506,96,40.18
607,Leroi,ldurangu@jigsy.com,Male,217.208.245.198,R8A,50,10.22
608,Howie,hstonefewingsgv@shop-pro.jp,Male,76.49.223.161,,24,36.94
609,Dianemarie,dfacegw@discovery.com,Genderqueer,252.163.115.4,7103,81,35.5
610,Vinny,vgerrietgx@google.com.au,Female,166.9.92.135,9790,99,10.96
611,Beverlee,bpalleskegy@vistaprint.com,Female,244.56.106.187,,79,41.14
612,Berry,bhowellgz@plala.or.jp,Female,71.144.132.29,67165 CEDEX,47,32.45
613,Somerset,sbittenh0@issuu.com,Bigender,147.72.157.38,,71,37.76
614,Nerti,ndreakinh1@tamu.edu,Female,166.242.209.19,L6R,55,14.35
615,Allys,agwynethh2@vistaprint.com,Female,226.113.82.39,46091 CEDEX 9,75,5.46
616,Marylynne,msuttieh3@php.net,Female,84.232.103.199,24193,39,32.35
617,Lanie,lbuttsh4@youtube.com,Male,143.164.226.91,703 54,66,22.37
618,Patrizius,pfeverh5@tinypic.com,Male,82.129.65.204,,25,5.83
619,Miranda,mburkitth6@guardian.co.uk,Female,135.144.195.54,,74,4.69
620,Brian,bamesh7@independent.co.uk,Male,197.177.215.241,427060,54,12.73
621,Fidela,fscaplehornh8@nhs.uk,Female,51.127.172.216,348 02,22,17.0
622,Ebony,ethornleyh9@ihg.com,Female,164.221.23.172,,88,11.74
623,Merrilee,mbaddamha@berkeley.edu,Female,240.3.71.0,,25,16.77
624,Lissy,lsyphushb@chronoengine.com,Female,107.0.19.255,,52,9.76
625,Jarred,jbowlerhc@multiply.com,Male,39.243.34.14,,97,10.72
626,Therese,tabramcikhd@cocolog-nifty.com,Female,51.78.154.204,,70,17.53
627,Rosette,rvelezhe@yahoo.com,Female,66.242.249.77,,77,26.98
628,Kurt,kgallophf@delicious.com,Male,105.182.149.114,,55,44.54
629,Taddeusz,ttrokerhg@alexa.com,Male,127.61.179.209,33270,21,24.6
630,Valentia,vjouanethh@engadget.com,Female,55.137.191.65,,78,43.42
631,Bianca,bgutowskihi@who.int,Female,80.234.43.137,45638-000,80,22.19
632,Estella,eyakobowitzhj@tumblr.com,Female,39.2.81.190,,78,9.27
633,Park,pjimeshk@chron.com,Male,9.159.96.52,391660,54,24.1
634,Gale,gdurbinhl@biblegateway.com,Female,105.119.67.124,,98,42.0
635,Ives,ibridlehm@ask.com,Male,68.15.23.4,113 44,99,11.19
636,Web,wdyehn@is.gd,Male,101.98.76.210,20000,36,38.4
637,Gypsy,grasmusho@macromedia.com,Female,89.248.53.219,,44,30.49
638,Joyce,jfadianhp@eepurl.com,Female,248.182.156.143,,78,27.74
639,Chet,codonnellyhq@nydailynews.com,Male,43.81.216.160,,56,18.59
640,Jarid,jmiguethr@newsvine.com,Male,58.115.169.231,L6J,75,12.65
641,Annamarie,apeddersenhs@angelfire.com,Female,15.131.193.94,,77,32.51
642,Odelia,ocaryht@discovery.com,Female,143.123.182.64,273017,34,12.67
643,Valery,vlewinshu@quantcast.com,Female,14.18.112.88,,45,20.45
644,Raye,rcammidgehv@is.gd,Female,3.2.202.224,,77,15.24
645,Lanni,lsirehw@behance.net,Female,25.129.93.96,,93,38.03
646,Cornelia,csellyhx@cisco.com,Female,229.157.172.47,87-340,86,14.01
647,Olly,oquinnellyhy@google.com.au,Male,190.83.112.103,,48,14.31
648,Nell,nbaldreyhz@issuu.com,Genderfluid,122.92.132.46,,78,9.07
649,Ilka,irylandsi0@geocities.com,Female,240.125.33.243,,53,34.23
650,Rodolph,rbreconi1@simplemachines.org,Non-binary,220.23.17.175,,92,28.12
651,Rutherford,rgianoloi2@cisco.com,Male,114.142.140.212,,99,22.3
652,Nicola,npickhaveri3@1688.com,Male,118.2.186.107,87046 CEDEX 1,98,30.27
653,Hagen,hstuddi4@washington.edu,Male,37.123.244.74,48-388,50,16.02
654,Ario,ahawketti5@toplist.cz,Genderqueer,154.249.72.144,989-2474,87,20.45
655,Brendon,bkeenlysidei6@timesonline.co.uk,Male,51.105.209.136,,51,22.93
656,Dino,dmeaddowcrofti7@answers.com,Male,0.59.108.226,,81,11.84
657,Sonja,sjakemani8@about.com,Bigender,69.72.204.211,6330,27,37.71
658,Iorgo,ihannabussi9@abc.net.au,Male,120.240.232.221,,77,37.44
659,Burgess,bgriffoenia@shutterfly.com,Male,58.45.169.203,,46,32.79
660,Kania,kgrimmerib@census.gov,Female,222.206.247.155,4905,36,20.14
661,Gannie,gbassickic@washington.edu,Male,174.86.71.251,,97,11.23
662,Beauregard,btevelovid@sbwire.com,Male,42.42.72.186,09430,93,16.55
663,Quinn,qtabernerie@ifeng.com,Male,85.99.70.188,DN22,34,37.76
664,Bourke,bwarnerif@youku.com,Male,4.156.147.62,78405,81,5.91
665,Mahmud,msanpherig@networksolutions.com,Male,221.59.250.117,,89,43.24
666,Tiertza,thakkingih@auda.org.au,Female,32.44.186.61,,89,18.14
667,Gui,gdeatheii@macromedia.com,Female,227.165.223.65,83400-000,88,35.91
668,Hermine,hbortolottiij@auda.org.au,Female,159.158.240.78,73-231,99,29.26
669,Julita,jnevittik@google.nl,Female,102.227.208.150,64540,48,17.49
670,Spense,smccritichieil@about.com,Male,88.90.184.154,,62,27.41
671,Jourdan,jeffordim@house.gov,Genderqueer,70.220.2.225,6090-511,66,38.19
672,Fanni,fgerhartzin@squarespace.com,Female,108.3.46.225,,38,16.36
673,Winny,wcraneyio@google.de,Female,156.243.131.127,,30,23.5
674,Chandler,cjonasip@merriam-webster.com,Male,207.164.109.39,391360,33,41.72
675,Isabelle,isapautoniq@elegantthemes.com,Polygender,43.14.12.63,,40,42.15
676,Aaron,adoweyir@stanford.edu,Male,106.139.113.88,4705-676,23,2.03
677,Murvyn,msimeoliis@washington.edu,Male,112.180.48.127,,84,15.7
678,Brad,brainyit@va.gov,Non-binary,51.42.12.205,,71,19.54
679,Felisha,fgendrichiu@xinhuanet.com,Female,149.26.94.102,,86,13.2
680,Ambur,aisgariv@usda.gov,Female,98.190.177.58,,90,6.63
681,Dyan,daudenisiw@loc.gov,Female,13.247.197.140,V8C,62,42.44
682,Ali,aconanix@hp.com,Female,75.142.244.17,5109,75,44.92
683,Orville,onutleyiy@sohu.com,Male,177.22.155.35,50902,34,23.68
684,Gianna,gjadosiz@gnu.org,Female,211.228.138.131,,86,9.74
685,Douglass,dvondraj0@wunderground.com,Male,248.74.46.42,,66,15.94
686,Marcelo,mcaswillj1@domainmarket.com,Male,107.22.22.53,,44,11.6
687,Rayshell,rmeechanj2@hugedomains.com,Female,69.228.78.214,,59,8.98
688,Normand,nfernelyj3@mashable.com,Male,254.213.145.32,6313,80,43.61
689,Antony,ameoj4@wordpress.org,Male,151.144.204.201,,19,30.81
690,Chilton,chalsoj5@europa.eu,Male,233.173.133.3,,36,36.71
691,Osbourne,ocastagnaroj6@tamu.edu,Male,236.113.41.164,20430,70,38.52
692,Penny,pdallossoj7@arizona.edu,Male,87.234.157.237,,92,40.94
693,Jilly,jfewlassj8@ustream.tv,Female,4.43.127.80,,18,32.86
694,Dario,desterbrookj9@admin.ch,Male,188.112.227.151,,81,37.77
695,Marion,mscothronja@g.co,Male,214.240.119.168,,91,40.98
696,Corrine,ccaudelierjb@merriam-webster.com,Genderqueer,9.18.212.91,612711,44,3.51
697,Torie,tgeorgelinjc@dailymotion.com,Female,241.108.125.30,1058,65,22.94
698,Kristoforo,kginsiejd@bluehost.com,Male,189.86.181.109,,55,24.05
699,Paulie,pdickersonje@issuu.com,Male,69.118.131.197,2509,95,18.74
700,Romola,remanuelijf@bravesites.com,Female,153.84.233.119,9016,38,42.01
701,Gifford,gmackaigjg@china.com.cn,Male,73.124.32.204,4950,19,11.73
702,Dory,dwharrierjh@squarespace.com,Female,219.4.49.42,,98,27.58
703,Wren,wsimpoleji@imgur.com,Female,31.60.78.134,,53,40.33
704,Con,cloadmanjj@unesco.org,Polygender,201.238.116.177,,32,29.54
705,Ashlan,acolumbelljk@va.gov,Female,48.23.193.86,65160,90,8.7
706,Inge,imacswaydejl@google.com,Female,63.36.200.2,,48,13.45
707,Marcile,mmcclarencejm@studiopress.com,Female,162.112.180.70,,77,23.03
708,Dunstan,drainforthjn@ebay.co.uk,Male,66.5.239.118,60550,30,26.92
709,Hammad,hpyerjo@timesonline.co.uk,Male,167.15.80.28,,70,5.72
710,Calla,cmaffullijp@networkadvertising.org,Female,141.165.121.253,,84,27.56
711,Elly,ehariotjq@ucsd.edu,Female,252.145.95.198,,70,37.98
712,Zsa zsa,zolochanjr@google.pl,Female,138.126.195.105,,63,28.87
713,Frederick,folerenshawjs@lycos.com,Male,197.7.197.40,200018,70,7.04
714,Ferdy,fmacfadyenjt@friendfeed.com,Male,198.44.124.46,,27,22.03
715,Carine,cmeliaju@a8.net,Female,108.176.82.147,,95,18.68
716,Lorilyn,lsahlstromjv@chicagotribune.com,Female,221.12.97.70,6500,29,32.01
717,Wain,wdepportjw@nytimes.com,Male,122.59.194.225,,87,9.62
718,Rafa,rcrolljx@goodreads.com,Female,127.188.226.173,396130,62,12.45
719,Jonis,jheminsleyjy@w3.org,Female,101.140.133.163,2840-044,80,8.11
720,Rudolfo,rlangtryjz@engadget.com,Male,252.2.44.104,,91,22.15
721,Allx,awoolgerk0@people.com.cn,Female,19.91.16.79,30190,68,32.26
722,Faydra,fgehrickek1@washington.edu,Female,112.79.247.180,763 62,51,7.66
723,Jared,jlockneyk2@theatlantic.com,Male,97.210.116.170,8711,23,16.91
724,Odo,omactavishk3@about.com,Male,191.66.123.73,,37,10.19
725,Mikkel,mungererk4@fema.gov,Male,245.38.48.136,,74,20.59
726,Morena,mgirckek5@techcrunch.com,Genderqueer,252.81.140.227,,54,25.01
727,Gilberta,gwattersk6@slideshare.net,Female,211.127.166.24,,71,17.96
728,Ozzie,obrassk7@salon.com,Male,48.53.59.24,,23,28.19
729,Lovell,lwhistlecroftk8@wunderground.com,Male,246.228.41.143,,31,44.71
730,Brigida,bcushionk9@squarespace.com,Female,226.37.17.42,8570,36,31.1
731,Thacher,tabbattka@feedburner.com,Male,83.131.148.160,996-0087,22,12.87
732,Skell,sbaumankb@discuz.net,Male,56.75.223.67,,73,38.73
733,Cornelius,cjovickc@fema.gov,Male,185.89.205.66,D04,30,15.34
734,Olympia,oblundelkd@quantcast.com,Female,214.100.77.67,,49,35.2
735,Cher,cheiske@odnoklassniki.ru,Female,105.202.24.88,10130,64,18.93
736,Myrtice,mburgenkf@multiply.com,Female,214.156.117.129,21-515,67,42.01
737,Dannel,dlyddonkg@bloglovin.com,Male,202.100.188.144,03002,76,36.45
738,Agnese,astorerkh@businesswire.com,Female,6.135.175.18,,46,29.45
739,Binky,bwilboreki@cbslocal.com,Male,38.178.215.97,,25,30.04
740,Aileen,aleggingkj@angelfire.com,Female,124.224.249.25,8601,27,36.82
741,Stephanus,skastelkk@cnet.com,Male,2.207.223.195,5414,21,19.49
742,Sloane,syureninkl@sakura.ne.jp,Male,79.94.31.231,75609 CEDEX 12,86,18.77
743,Galvan,gtirekm@123-reg.co.uk,Male,192.86.203.143,175419,30,31.4
744,Lilith,lstephensonkn@tinypic.com,Female,80.183.43.240,602 24,50,9.43
745,Jillana,jstatenko@google.com,Female,158.68.211.19,03203,38,14.84
746,Emelen,egiacopellokp@europa.eu,Male,70.24.91.152,,59,3.85
747,Templeton,trodwellkq@icq.com,Male,204.29.8.77,561 81,42,39.09
748,Russ,rbrannonkr@businessweek.com,Male,87.39.0.45,,62,28.3
749,Khalil,kspinozziks@linkedin.com,Male,15.129.235.92,2566,36,44.47
750,Agretha,awoollcottkt@ning.com,Female,236.33.70.81,,34,22.06
751,Gayle,gpickleku@storify.com,Male,196.188.224.150,,26,19.09
752,Nev,ndavidescukv@ehow.com,Male,47.8.160.60,542 87,44,11.12
753,Jonis,jbrillkw@constantcontact.com,Female,90.35.224.86,,91,26.62
754,Muffin,mdecourtneykx@theatlantic.com,Male,218.38.145.207,,38,4.95
755,Spike,sgettenky@ow.ly,Male,91.251.95.9,881 52,77,6.95
756,Rickert,rperinkz@oracle.com,Male,234.163.6.115,,33,13.73
757,Samantha,sbedissl0@wikipedia.org,Female,66.0.251.237,,86,26.74
758,Tucky,tdimentl1@flavors.me,Male,81.240.179.156,1009,64,41.0
759,Alessandra,aissacoffl2@gnu.org,Female,101.205.90.99,,51,43.52
760,Florrie,fbamptonl3@istockphoto.com,Agender,146.57.112.131,,44,24.12
761,Brucie,bpetrashovl4@weibo.com,Male,20.47.40.137,,64,2.77
762,Ches,cgrindleyl5@lycos.com,Male,252.230.202.141,403800,89,10.21
763,Sig,sstubleyl6@google.it,Male,216.250.252.164,,52,18.8
764,Carolina,cdadyl7@mlb.com,Female,168.67.101.44,,77,26.63
765,Felicio,fgrissettl8@nature.com,Male,176.196.153.236,,47,23.66
766,Elwood,ewhiskerdl9@theatlantic.com,Male,53.78.33.213,291 81,88,13.13
767,Charmain,cgrunguerla@webmd.com,Female,137.199.52.37,59550-000,98,2.19
768,Natalie,ncasemorelb@devhub.com,Agender,101.93.60.204,3005,39,22.98
769,Jerrold,jhoulthamlc@google.fr,Male,154.112.216.214,,49,25.92
770,Gavra,gmiroyld@wordpress.com,Female,77.218.131.253,,31,18.76
771,Cello,cjoscelynle@cdc.gov,Male,247.229.46.33,3171,22,30.33
772,Thomasina,tbaigentlf@moonfruit.com,Female,106.35.4.131,87900,56,38.81
773,Keith,kdiaperlg@zimbio.com,Male,114.101.14.53,,29,4.91
774,Iggie,ipuddephattlh@etsy.com,Male,93.117.182.21,,80,38.64
775,Mei,mcaterli@infoseek.co.jp,Female,249.57.225.110,,80,37.02
776,Bartholomeo,bhulettlj@storify.com,Male,47.117.81.43,4520-162,70,28.02
777,Boigie,bbellworthylk@youtu.be,Male,87.81.161.254,89762,86,7.55
778,Algernon,agemnettll@quantcast.com,Male,81.132.26.6,,72,23.1
779,Mohandas,mmartindalelm@si.edu,Male,204.32.215.236,3660-410,40,20.79
780,Mikkel,mkniftonln@naver.com,Male,247.54.73.74,,99,32.52
781,Robinetta,rwilderlo@nationalgeographic.com,Female,111.56.227.45,9416,60,16.62
782,Denny,dmeerelp@craigslist.org,Female,84.183.89.120,111 27,99,7.65
783,Cleveland,cayscoughlq@barnesandnoble.com,Male,57.120.131.82,,88,2.27
784,Merilyn,mdemichelelr@techcrunch.com,Female,10.167.213.147,,40,21.68
785,Zach,zwarbeysls@youtube.com,Male,51.2.29.91,,71,8.91
786,Sherwood,smullochlt@mozilla.org,Male,174.247.227.34,,59,27.9
787,Matthus,mgroundwatorlu@theguardian.com,Male,101.212.50.113,51360,34,22.48
788,Mano,mjaslemlv@va.gov,Male,244.127.252.1,08500-000,51,34.53
789,Herrick,hstanfieldlw@taobao.com,Male,190.135.195.198,,27,13.25
790,Tanny,tchisolmlx@illinois.edu,Male,51.205.236.54,25556,43,15.77
791,Aubry,ayieldingly@ucla.edu,Female,203.164.72.203,,65,3.44
792,Annalise,alaytonlz@uol.com.br,Female,63.8.96.174,08-480,77,8.03
793,Dill,drediersm0@hexun.com,Male,134.85.76.44,28205,44,20.86
794,Nat,nharrisonm1@deviantart.com,Male,36.60.120.37,21229,33,32.58
795,Yorke,ytraitem2@vkontakte.ru,Male,76.223.88.69,89204 CEDEX,24,36.45
796,Morry,mharteleym3@spiegel.de,Male,241.163.74.0,91841,20,38.54
797,Jerald,jchadwyckm4@ebay.co.uk,Male,218.56.175.202,461369,48,31.62
798,Berte,bgreenhallm5@surveymonkey.com,Female,38.99.208.40,2729,33,21.15
799,Joya,jpestrickem6@51.la,Female,227.128.29.167,21747,94,43.19
800,Ade,acrunkhornm7@bing.com,Male,235.77.208.45,,34,24.83
801,Casey,cmargriem8@exblog.jp,Female,139.34.80.38,,30,10.74
802,Paquito,pshepherdm9@cbc.ca,Male,157.218.17.65,5425-055,81,13.13
803,Pebrook,pcreavinma@google.co.uk,Male,43.154.212.253,357380,82,22.23
804,Waldemar,wroiznmb@bbb.org,Male,132.159.179.150,4147,63,20.7
805,Dexter,dcluderaymc@webmd.com,Male,53.10.95.143,141662,47,10.82
806,Bette,bgullanemd@ycombinator.com,Female,170.71.3.185,,92,22.8
807,Nonna,npengelleyme@wunderground.com,Female,166.84.146.124,6337,53,8.52
808,Jyoti,jbuttlemf@thetimes.co.uk,Female,203.141.148.40,,78,5.78
809,Rosella,rschniedermg@upenn.edu,Female,242.75.105.19,,41,42.16
810,Angelia,abeninimh@huffingtonpost.com,Female,60.47.167.6,419-0125,29,32.99
811,Rikki,rmosesmi@ucoz.ru,Female,190.195.172.169,,44,15.01
812,Dougie,dleithermj@omniture.com,Male,57.184.164.215,,90,10.4
813,Hoebart,hcleminshawmk@ebay.com,Male,162.106.18.153,981-3521,81,23.69
814,Jolynn,jellyattml@sina.com.cn,Female,242.231.143.247,7430-015,85,28.1
815,Verene,vgiffenmm@china.com.cn,Female,77.178.152.229,683558,20,31.26
816,Gabie,gfincimn@linkedin.com,Female,252.69.197.69,,37,17.63
817,Dara,dardernmo@businessweek.com,Female,101.146.86.12,607069,44,35.66
818,Alberta,agriffemp@dion.ne.jp,Female,137.67.229.157,244 24,70,26.85
819,Rosetta,ryaldrenmq@theglobeandmail.com,Female,236.187.170.128,19500-000,88,43.93
820,Kevina,kclapshawmr@sbwire.com,Female,2.246.249.77,400-0121,82,29.74
821,Mark,mvalasekms@prweb.com,Male,7.239.145.72,687 71,25,38.52
822,Mortimer,msoallmt@twitter.com,Male,14.206.44.135,84304 CEDEX,77,23.93
823,Keven,klattiemu@fotki.com,Male,173.117.210.0,89155,18,7.12
824,Eldon,emedendorpmv@bing.com,Male,96.204.149.196,58118,74,9.75
825,Rhoda,rknewstubmw@qq.com,Female,71.35.99.181,,61,4.04
826,Jordan,jcurzeymx@army.mil,Female,132.252.121.120,615 95,61,14.51
827,Mathe,mlowethmy@yale.edu,Male,136.29.19.204,,21,15.12
828,Linn,loldallmz@wikimedia.org,Male,29.229.244.170,6404,53,26.52
829,Nolan,nlefriecn0@gnu.org,Male,167.194.22.5,,97,3.85
830,Don,droddamn1@wordpress.org,Male,196.154.62.150,1553,72,40.17
831,Alberto,ahoflern2@blinklist.com,Male,155.138.131.127,,67,6.79
832,Nolly,nmccurleyn3@moonfruit.com,Male,120.145.12.128,52420,84,30.6
833,Leah,lmillichapn4@freewebs.com,Female,190.184.231.231,582 21,45,2.23
834,Cairistiona,cvanderkruisn5@forbes.com,Female,46.8.10.44,J7G,42,24.58
835,Dore,dspybeyn6@dell.com,Female,83.14.106.126,,38,32.06
836,Jacky,jcallann7@wikispaces.com,Female,162.235.27.207,679 71,48,19.75
837,Carey,cstanilandn8@cisco.com,Male,164.64.187.250,301649,60,19.49
838,Aliza,atudballn9@dmoz.org,Female,128.180.249.221,,48,7.61
839,Brodie,bjosefna@answers.com,Male,80.157.222.71,36-072,37,6.83
840,Michele,mcrutchernb@last.fm,Male,4.90.253.250,8365-059,80,43.33
841,Scotti,smaithnc@businessweek.com,Male,248.123.162.186,85754,81,17.15
842,Spike,sneamend@cam.ac.uk,Male,139.64.219.17,,85,33.24
843,Caesar,cwebberne@barnesandnoble.com,Male,94.153.83.161,,95,28.17
844,Peadar,psouthertonnf@flavors.me,Bigender,142.62.182.37,42-125,25,32.99
845,Aubrette,amacmenamieng@webs.com,Female,145.101.189.101,7213,80,16.09
846,Fransisco,fpartkyanh@examiner.com,Male,255.1.63.7,9421,72,17.91
847,Joyann,jkilbanni@latimes.com,Female,9.128.87.180,5430-236,88,9.3
848,Olivero,ogrettonnj@icio.us,Male,253.16.20.199,,52,39.83
849,Trenton,tshapcottnk@intel.com,Male,68.33.14.187,171750,70,39.42
850,Sibella,stolchardenl@businesswire.com,Female,208.197.36.17,,20,41.69
851,Haven,hmooreednm@businessweek.com,Male,119.97.214.145,,92,40.56
852,Windham,wwinpennynn@washingtonpost.com,Male,19.94.131.56,5455,36,40.41
853,Lennard,lbramerno@tmall.com,Male,237.77.158.101,,96,37.68
854,Edward,eadenetnp@naver.com,Male,117.185.199.32,,46,16.43
855,Janette,jdibsonnq@ehow.com,Female,220.100.216.228,,78,44.6
856,Gill,gjanczyknr@google.com.hk,Female,40.25.137.187,05-620,90,18.41
857,Mikel,mpurcellns@usnews.com,Male,28.95.116.64,,32,3.68
858,Kira,karynt@usa.gov,Female,151.91.172.182,,95,16.98
859,Ewell,eoakernu@nhs.uk,Male,203.113.145.177,,86,35.21
860,Hatty,hlongmeadnv@surveymonkey.com,Genderfluid,88.25.39.64,680-1166,37,35.47
861,Diane-marie,dmanzellnw@wikimedia.org,Genderqueer,204.19.222.254,,94,10.45
862,Cyrillus,cjumelnx@thetimes.co.uk,Male,84.89.153.183,37250-000,31,30.03
863,Jarad,jartusny@sciencedaily.com,Polygender,251.3.103.3,,94,30.71
864,Raleigh,rworhamnz@uiuc.edu,Male,201.79.79.194,522 32,56,14.13
865,Lissy,lspilsburieo0@walmart.com,Non-binary,156.39.174.47,,53,40.11
866,Janaya,jboltono1@xing.com,Female,112.37.46.101,,34,7.19
867,Maddy,mhammersleyo2@liveinternet.ru,Male,100.109.23.128,96720,23,25.74
868,Francoise,falbertsono3@123-reg.co.uk,Female,29.9.188.44,,18,6.26
869,Asher,aseekingo4@nsw.gov.au,Non-binary,37.32.214.180,,32,35.92
870,Jan,jjoncico5@goodreads.com,Male,15.242.165.249,2420,76,18.13
871,Livia,lragato6@dyndns.org,Female,17.229.219.12,403 13,46,24.19
872,Oralie,okienzleo7@mtv.com,Female,43.129.205.118,,53,2.16
873,Mortie,moverburyo8@redcross.org,Male,107.165.57.191,5516,78,13.42
874,Hiram,hmcmylero9@icio.us,Male,1.236.162.78,,70,34.38
875,Leila,ldomeniconeoa@cpanel.net,Female,124.143.28.166,118 20,83,22.82
876,Tabbitha,tdrinnanob@gov.uk,Female,3.202.6.124,569 92,50,33.47
877,Tailor,tadolfsenoc@nba.com,Male,122.184.113.240,685000,47,23.19
878,Lyman,lsmallpieceod@about.com,Male,36.203.77.174,J2K,20,32.07
879,Sanford,skalinskyoe@creativecommons.org,Male,8.187.91.235,141 38,54,36.48
880,Cornelle,cballantyneof@huffingtonpost.com,Female,78.72.60.130,,41,11.97
881,Leilah,lscothronog@sun.com,Female,97.53.72.100,25903,74,7.14
882,Alfy,akeeffeoh@naver.com,Male,125.249.171.158,J1K,87,10.1
883,Anallese,aphilippeoi@cafepress.com,Female,129.243.50.10,,88,23.63
884,Rachele,reliesoj@mlb.com,Female,217.203.154.114,,91,28.22
885,Hussein,hguerrinok@g.co,Male,47.47.108.120,,81,28.5
886,Godfree,gcurrierol@bbc.co.uk,Male,135.116.223.254,59024 CEDEX,46,24.0
887,Culver,cbwyeom@fema.gov,Male,161.72.17.5,,39,2.61
888,Stevie,shuggenon@biglobe.ne.jp,Male,2.153.201.17,,46,21.26
889,Pace,pinnettoo@netscape.com,Male,143.152.252.196,,36,7.8
890,Rod,rmathisop@arstechnica.com,Male,94.210.233.237,,35,11.89
891,Claudette,cshinefieldoq@amazon.co.uk,Female,171.9.255.184,,35,23.05
892,Belle,bspelwoodor@blogspot.com,Female,234.60.52.5,19970-000,43,38.04
893,Carine,cvandermerweos@nsw.gov.au,Female,158.219.159.173,67321,56,17.75
894,Daniele,ddeschleinot@artisteer.com,Female,174.254.163.41,,24,44.31
895,Catharine,cruterou@hc360.com,Female,6.115.85.72,F26,46,42.15
896,Cristie,cveldmanov@fastcompany.com,Agender,206.76.22.79,373 82,51,32.71
897,Chad,cferreaow@netscape.com,Female,217.18.10.98,,67,37.79
898,Josie,jisenorox@cbslocal.com,Female,162.61.152.136,85600-000,84,22.48
899,Raffaello,rjewsteroy@tmall.com,Male,2.66.105.134,,40,41.7
900,Milka,mpearcyoz@msu.edu,Polygender,39.146.205.189,,34,30.88
901,Emelia,edowntonp0@boston.com,Female,103.77.85.68,,85,15.01
902,Bellanca,barraultp1@bing.com,Bigender,56.191.37.117,,44,17.23
903,Kelci,kwheelanp2@senate.gov,Female,103.185.8.179,1495-005,82,40.72
904,Cori,carthanp3@unblog.fr,Male,41.93.44.135,4178,83,5.63
905,Maggee,mjacobbep4@time.com,Female,19.75.169.57,,26,17.96
906,Fleming,fgoudgep5@yelp.com,Male,49.177.125.241,06010,61,42.7
907,Lydia,lkingsmillp6@tmall.com,Female,12.168.48.200,289-1343,49,11.64
908,Sigvard,sdauberp7@toplist.cz,Male,221.217.216.107,66210,33,26.22
909,Fleur,fvarkerp8@eepurl.com,Female,231.168.133.149,,19,37.9
910,Silvester,smeijerp9@ustream.tv,Male,39.117.51.233,67098 CEDEX 2,86,24.32
911,Chandal,cmereweatherpa@mapquest.com,Female,236.223.159.48,68230-000,90,22.09
912,Mariellen,mgottschalkpb@eventbrite.com,Female,0.148.142.10,,28,36.28
913,Gilberte,gauburypc@so-net.ne.jp,Female,212.36.33.106,06010,68,5.9
914,Levy,lgoodenpd@webeden.co.uk,Male,130.102.58.170,4705-656,29,18.43
915,Orelie,obeaumontpe@time.com,Bigender,227.141.176.137,,82,5.31
916,Renaldo,rcabanepf@nationalgeographic.com,Male,204.227.191.230,9790,99,20.75
917,Giacobo,gbedlingtonpg@google.it,Male,217.80.18.180,4224,37,4.61
918,Sergei,sshackelph@miibeian.gov.cn,Male,246.249.159.219,,29,30.16
919,Alanna,ahallgalleypi@imdb.com,Female,1.74.1.140,,85,44.26
920,Marshall,mbachanskipj@github.io,Male,146.189.94.13,123 57,64,27.23
921,Giorgio,gstanfieldpk@so-net.ne.jp,Male,245.253.167.163,321-4551,27,36.47
922,Clara,cmannpl@hp.com,Female,101.161.91.80,18720-000,89,25.52
923,Tann,ttimmespm@creativecommons.org,Male,254.25.88.33,87-401,69,18.12
924,Rosalynd,rcuminepn@studiopress.com,Female,158.189.24.131,625999,65,2.38
925,Janessa,jsegerpo@prlog.org,Female,15.32.137.254,59425 CEDEX,94,7.89
926,Wanids,wvoglpp@freewebs.com,Female,237.6.205.46,790 70,67,16.32
927,Kendra,kdevanneypq@free.fr,Female,160.69.40.132,,38,21.0
928,Clemmie,cdarkopr@unc.edu,Male,21.52.133.129,,30,5.14
929,Stillmann,skraftps@ibm.com,Genderfluid,109.117.100.146,,32,32.17
930,Moore,missacofpt@hhs.gov,Male,172.22.239.115,,80,7.88
931,Frants,fprofitpu@ask.com,Male,97.95.120.49,,92,25.94
932,Efrem,eclydepv@clickbank.net,Male,54.21.219.195,,76,9.12
933,Curt,cchokepw@blogspot.com,Male,221.50.165.214,238530,55,27.34
934,Brinn,bwiddpx@skyrock.com,Female,11.231.39.26,4508,90,2.04
935,Paolina,pspringettpy@berkeley.edu,Female,168.28.47.96,,63,37.61
936,Kari,kshervillepz@vistaprint.com,Female,19.142.139.25,,23,2.57
937,Vidovic,veltuneq0@pinterest.com,Male,176.222.185.98,3070-125,62,28.89
938,Shae,sfarfolomeevq1@simplemachines.org,Male,90.8.213.179,,24,10.56
939,Barbie,bvestyq2@tmall.com,Female,76.251.234.113,,75,32.43
940,Laird,lterrellq3@ucoz.com,Male,110.207.79.82,606525,20,15.84
941,Rockwell,rheddenq4@chronoengine.com,Male,52.241.209.33,,72,19.79
942,Ruth,rtruluckq5@usatoday.com,Female,220.68.103.12,,58,10.95
943,Arluene,adesesquelleq6@imageshack.us,Female,200.137.101.240,941047,89,14.34
944,Nadine,ndivellq7@example.com,Female,156.79.84.25,9512,28,38.99
945,Fayina,fdignumq8@sohu.com,Female,220.148.188.146,T4X,80,10.04
946,Jedd,jbickellq9@wufoo.com,Male,244.254.135.122,29223,49,32.84
947,Oran,oaspreyqa@tmall.com,Male,114.32.41.164,15880,88,30.94
948,Marty,mfaulderqb@mapquest.com,Male,65.194.141.193,,33,27.06
949,Freemon,fbrissonqc@dmoz.org,Male,34.236.34.248,,19,26.93
950,Alfredo,anockoldsqd@trellian.com,Male,112.238.53.15,,95,22.96
951,Benedict,bhouseleeqe@slideshare.net,Bigender,191.104.93.58,,27,27.28
952,Leola,lduttonqf@webs.com,Female,206.185.123.137,891 20,92,2.98
953,Zaccaria,zpohlqg@globo.com,Bigender,133.28.109.164,,54,6.55
954,Cliff,ccleynaertqh@linkedin.com,Male,182.60.24.184,232559,83,43.29
955,Vonnie,vdemangelqi@google.fr,Female,207.172.173.122,,93,24.18
956,Roderic,rtunniclisseqj@i2i.jp,Male,44.66.47.238,10304,36,23.5
957,Dasha,dcrumbyqk@statcounter.com,Female,13.15.12.119,,94,27.41
958,Langston,lpinnigerql@youku.com,Male,241.83.162.29,262 56,73,25.05
959,Neils,nhakeworthqm@dailymotion.com,Polygender,221.194.156.22,,81,6.05
960,Josh,jdimentqn@netvibes.com,Male,224.0.56.42,,32,9.38
961,Lyman,lricardeqo@hao123.com,Male,81.71.178.212,4805,25,9.65
962,Odo,oplentyqp@jimdo.com,Male,253.152.26.219,,78,27.83
963,Bel,bpigromeqq@ucsd.edu,Female,252.59.192.216,692150,95,30.42
964,Dorolice,dminihaneqr@yellowbook.com,Female,123.252.97.166,13800-000,72,5.98
965,Abraham,aohearnqs@dion.ne.jp,Male,172.164.79.237,N41,71,41.2
966,Brinna,bkobpacqt@weather.com,Female,52.80.145.162,,40,27.86
967,Abey,afeatherqu@godaddy.com,Male,64.132.159.21,50762,67,3.11
968,Ramon,rslesserqv@scribd.com,Bigender,107.233.81.39,,19,25.73
969,Chen,cgoffordqw@usnews.com,Male,252.145.10.19,,86,7.9
970,Isabelita,ipoznanqx@reference.com,Female,137.184.253.255,,80,24.92
971,Letisha,lreanyqy@google.ca,Female,78.145.219.26,2307,31,4.06
972,Brantley,bdooneqz@amazon.co.jp,Male,183.64.131.184,,85,4.9
973,Tessie,tpartletonr0@shutterfly.com,Female,233.128.170.135,3220-350,61,7.34
974,Thayne,tcosgriffr1@blogtalkradio.com,Genderfluid,93.11.122.235,,94,18.66
975,Rori,rseakingsr2@microsoft.com,Female,249.51.236.104,,84,4.51
976,Haywood,htrenchardr3@independent.co.uk,Male,67.66.193.178,,84,6.79
977,Michael,mtuplinr4@networkadvertising.org,Male,242.223.38.173,K1G,29,26.52
978,Zebulon,zcissellr5@theatlantic.com,Male,171.149.110.49,P7K,40,44.77
979,Chiquia,cclimarr6@youtu.be,Female,150.126.51.235,4775-195,64,14.84
980,Mannie,mwillacotr7@alexa.com,Male,243.104.74.79,,20,18.79
981,Kent,kanshellr8@purevolume.com,Male,226.84.117.231,S0G,22,42.96
982,Barbabra,bpennicottr9@usa.gov,Female,117.9.171.78,429500,84,2.98
983,Jacqui,jlidbetterra@wsj.com,Female,183.99.184.245,,21,37.57
984,Albertine,anorthinrb@noaa.gov,Female,34.105.3.88,242030,42,34.59
985,Delly,dtennyrc@sciencedirect.com,Bigender,206.239.152.216,263 25,77,4.29
986,Byram,barissrd@surveymonkey.com,Male,116.211.158.189,6210,45,42.67
987,Quentin,qeasdonre@seattletimes.com,Male,177.9.233.195,,98,16.48
988,Alyson,afawthroprf@reuters.com,Female,84.134.121.10,,27,30.44
989,Lenka,lmolyneuxrg@feedburner.com,Female,146.162.111.163,51218,45,5.53
990,Gabie,gdunmorerh@state.tx.us,Female,181.195.67.164,,86,4.47
991,Balduin,bgutcherri@businesswire.com,Male,153.52.213.8,4644,23,34.31
992,Dirk,dferriesrj@dell.com,Male,160.95.148.193,,89,34.58
993,Zebadiah,znewnhamrk@youtube.com,Male,101.181.169.224,,92,20.68
994,Myles,mriggollrl@ameblo.jp,Male,203.97.171.132,5425-305,40,11.61
995,Opaline,oschulkinsrm@github.io,Female,252.209.187.76,252 28,87,13.61
996,Tish,tbalhatchetrn@weather.com,Female,61.134.246.194,,21,40.67
997,Lorain,lgeffcockro@reference.com,Female,154.242.251.249,3507,88,24.92
998,Jobi,jpaskrp@hao123.com,Agender,161.100.107.246,26241,22,14.51
999,Ron,radnettrq@jigsy.com,Genderqueer,98.171.216.133,2509,72,25.73
1000,Gregory,gcrispinrr@amazon.com,Male,232.135.118.186,46295,69,19.41
